__label__Admissions,Apply now for our Medicine programme starting this September.
__label__Admissions,Apply now for our Medicine programme starting this September.
__label__Admissions,Explore admission deadlines for Business programmes.
__label__Admissions,Check entry requirements for Medicine.
__label__Admissions,Check entry requirements for January 15.
__label__Admissions,International students can submit applications by Computer Science.
__label__Admissions,Learn about scholarships and bursaries available for Business.
__label__Admissions,Apply now for our Law programme starting this September.
__label__Admissions,International students can submit applications by Law.
__label__Admissions,International students can submit applications by Law.
__label__Admissions,Explore admission deadlines for Engineering programmes.
__label__Admissions,International students can submit applications by Engineering.
__label__Admissions,Explore admission deadlines for January 15 programmes.
__label__Admissions,Explore admission deadlines for January 15 programmes.
__label__Admissions,International students can submit applications by Law.
__label__Admissions,Learn about scholarships and bursaries available for January 15.
__label__Admissions,Explore admission deadlines for Engineering programmes.
__label__Admissions,Learn about scholarships and bursaries available for Engineering.
__label__Admissions,Check entry requirements for Engineering.
__label__Admissions,Learn about scholarships and bursaries available for Business.
__label__Admissions,Check entry requirements for Computer Science.
__label__Admissions,Check entry requirements for Engineering.
__label__Admissions,International students can submit applications by Engineering.
__label__Admissions,Apply now for our Law programme starting this September.
__label__Admissions,Apply now for our Engineering programme starting this September.
__label__Admissions,International students can submit applications by January 15.
__label__Admissions,International students can submit applications by Law.
__label__Admissions,Apply now for our Law programme starting this September.
__label__Admissions,International students can submit applications by Law.
__label__Admissions,Learn about scholarships and bursaries available for Law.
__label__Admissions,Learn about scholarships and bursaries available for January 15.
__label__Admissions,Learn about scholarships and bursaries available for Law.
__label__Admissions,Learn about scholarships and bursaries available for Business.
__label__Admissions,Check entry requirements for Computer Science.
__label__Admissions,Explore admission deadlines for January 15 programmes.
__label__Admissions,International students can submit applications by Medicine.
__label__Admissions,Learn about scholarships and bursaries available for Law.
__label__Admissions,Learn about scholarships and bursaries available for January 15.
__label__Admissions,Explore admission deadlines for Computer Science programmes.
__label__Admissions,Check entry requirements for Engineering.
__label__Admissions,Check entry requirements for Law.
__label__Admissions,Explore admission deadlines for Engineering programmes.
__label__Admissions,International students can submit applications by Business.
__label__Admissions,Apply now for our Medicine programme starting this September.
__label__Admissions,Apply now for our Business programme starting this September.
__label__Admissions,International students can submit applications by Law.
__label__Admissions,Check entry requirements for Law.
__label__Admissions,Learn about scholarships and bursaries available for Law.
__label__Admissions,Apply now for our Computer Science programme starting this September.
__label__Admissions,Learn about scholarships and bursaries available for Computer Science.
__label__Academics,Research-led teaching is a hallmark of our Psychology department.
__label__Academics,Discover modules and credits for Computer Science programme.
__label__Academics,Economics faculty maintains high academic standards.
__label__Academics,Research-led teaching is a hallmark of our Computer Science department.
__label__Academics,Research-led teaching is a hallmark of our Computer Science department.
__label__Academics,Research-led teaching is a hallmark of our Computer Science department.
__label__Academics,Research-led teaching is a hallmark of our Computer Science department.
__label__Academics,Research-led teaching is a hallmark of our Psychology department.
__label__Academics,View detailed course structures for Law.
__label__Academics,Research-led teaching is a hallmark of our Law department.
__label__Academics,Design is one of the most popular undergraduate degrees offered.
__label__Academics,Law is one of the most popular undergraduate degrees offered.
__label__Academics,View detailed course structures for Law.
__label__Academics,View detailed course structures for Law.
__label__Academics,Law is one of the most popular undergraduate degrees offered.
__label__Academics,Discover modules and credits for Computer Science programme.
__label__Academics,Research-led teaching is a hallmark of our Economics department.
__label__Academics,Research-led teaching is a hallmark of our Design department.
__label__Academics,View detailed course structures for Psychology.
__label__Academics,Economics is one of the most popular undergraduate degrees offered.
__label__Academics,View detailed course structures for Law.
__label__Academics,Design is one of the most popular undergraduate degrees offered.
__label__Academics,Discover modules and credits for Economics programme.
__label__Academics,Discover modules and credits for Psychology programme.
__label__Academics,View detailed course structures for Computer Science.
__label__Academics,View detailed course structures for Law.
__label__Academics,Discover modules and credits for Psychology programme.
__label__Academics,Law faculty maintains high academic standards.
__label__Academics,Psychology faculty maintains high academic standards.
__label__Academics,Economics faculty maintains high academic standards.
__label__Academics,Discover modules and credits for Design programme.
__label__Academics,Research-led teaching is a hallmark of our Psychology department.
__label__Academics,Design faculty maintains high academic standards.
__label__Academics,Economics faculty maintains high academic standards.
__label__Academics,Law faculty maintains high academic standards.
__label__Academics,Research-led teaching is a hallmark of our Computer Science department.
__label__Academics,Discover modules and credits for Computer Science programme.
__label__Academics,Research-led teaching is a hallmark of our Design department.
__label__Academics,Computer Science is one of the most popular undergraduate degrees offered.
__label__Academics,Economics is one of the most popular undergraduate degrees offered.
__label__Academics,Research-led teaching is a hallmark of our Economics department.
__label__Academics,View detailed course structures for Law.
__label__Academics,Psychology is one of the most popular undergraduate degrees offered.
__label__Academics,Design is one of the most popular undergraduate degrees offered.
__label__Academics,View detailed course structures for Design.
__label__Academics,Research-led teaching is a hallmark of our Computer Science department.
__label__Academics,Discover modules and credits for Law programme.
__label__Academics,View detailed course structures for Economics.
__label__Academics,Law is one of the most popular undergraduate degrees offered.
__label__Academics,Computer Science faculty maintains high academic standards.
__label__Research,Climate Science research group focuses on cutting-edge developments in AI.
__label__Research,Faculty received research grants to explore Green Energy.
__label__Research,Recent publications highlight advances in Green Energy.
__label__Research,Climate Science research group focuses on cutting-edge developments in AI.
__label__Research,Our university is part of a Green Energy funded project.
__label__Research,Faculty received research grants to explore AI.
__label__Research,Cancer Therapy research group focuses on cutting-edge developments in AI.
__label__Research,Recent publications highlight advances in Cancer Therapy.
__label__Research,Recent publications highlight advances in Climate Science.
__label__Research,Recent publications highlight advances in Cancer Therapy.
__label__Research,Recent publications highlight advances in Quantum Computing.
__label__Research,Cancer Therapy research group focuses on cutting-edge developments in AI.
__label__Research,Faculty received research grants to explore AI.
__label__Research,Our university is part of a Green Energy funded project.
__label__Research,Our university is part of a Green Energy funded project.
__label__Research,Our university is part of a Quantum Computing funded project.
__label__Research,Our university is part of a Green Energy funded project.
__label__Research,Recent publications highlight advances in Green Energy.
__label__Research,Faculty received research grants to explore AI.
__label__Research,Our university is part of a Green Energy funded project.
__label__Research,Quantum Computing research group focuses on cutting-edge developments in AI.
__label__Research,Our university is part of a Quantum Computing funded project.
__label__Research,Faculty received research grants to explore Green Energy.
__label__Research,Faculty received research grants to explore Climate Science.
__label__Research,Recent publications highlight advances in Climate Science.
__label__Research,Cancer Therapy research group focuses on cutting-edge developments in AI.
__label__Research,Recent publications highlight advances in AI.
__label__Research,Our university is part of a Green Energy funded project.
__label__Research,Recent publications highlight advances in Quantum Computing.
__label__Research,Our university is part of a Cancer Therapy funded project.
__label__Research,Quantum Computing research group focuses on cutting-edge developments in AI.
__label__Research,Our university is part of a Green Energy funded project.
__label__Research,Faculty received research grants to explore Cancer Therapy.
__label__Research,Our university is part of a Quantum Computing funded project.
__label__Research,Our university is part of a Cancer Therapy funded project.
__label__Research,Faculty received research grants to explore Green Energy.
__label__Research,Faculty received research grants to explore Cancer Therapy.
__label__Research,Recent publications highlight advances in Cancer Therapy.
__label__Research,Faculty received research grants to explore Climate Science.
__label__Research,PhD students can work on Green Energy innovation projects.
__label__Research,Quantum Computing research group focuses on cutting-edge developments in AI.
__label__Research,Our university is part of a Climate Science funded project.
__label__Research,Our university is part of a AI funded project.
__label__Research,Our university is part of a AI funded project.
__label__Research,Faculty received research grants to explore AI.
__label__Research,Faculty received research grants to explore Climate Science.
__label__Research,Faculty received research grants to explore Quantum Computing.
__label__Research,PhD students can work on Cancer Therapy innovation projects.
__label__Research,PhD students can work on Cancer Therapy innovation projects.
__label__Research,PhD students can work on Green Energy innovation projects.
__label__StudentLife,Take part in sports events like Debate Championship.
__label__StudentLife,Access wellbeing services and support through Film.
__label__StudentLife,Access wellbeing services and support through Film.
__label__StudentLife,Access wellbeing services and support through Mindfulness.
__label__StudentLife,Student Union hosts weekly events like City View.
__label__StudentLife,Student Union hosts weekly events like Mindfulness.
__label__StudentLife,Take part in sports events like Mindfulness Championship.
__label__StudentLife,Student Union hosts weekly events like Film.
__label__StudentLife,Join the Hackathon club and meet students with similar interests.
__label__StudentLife,Student Union hosts weekly events like Hackathon.
__label__StudentLife,Explore on-campus housing options at Hackathon Halls.
__label__StudentLife,Take part in sports events like Film Championship.
__label__StudentLife,Take part in sports events like Mindfulness Championship.
__label__StudentLife,Take part in sports events like Debate Championship.
__label__StudentLife,Access wellbeing services and support through Hackathon.
__label__StudentLife,Explore on-campus housing options at City View Halls.
__label__StudentLife,Join the City View club and meet students with similar interests.
__label__StudentLife,Join the Hackathon club and meet students with similar interests.
__label__StudentLife,Take part in sports events like Mindfulness Championship.
__label__StudentLife,Take part in sports events like Mindfulness Championship.
__label__StudentLife,Explore on-campus housing options at City View Halls.
__label__StudentLife,Access wellbeing services and support through Debate.
__label__StudentLife,Student Union hosts weekly events like Film.
__label__StudentLife,Join the Mindfulness club and meet students with similar interests.
__label__StudentLife,Access wellbeing services and support through City View.
__label__StudentLife,Student Union hosts weekly events like Mindfulness.
__label__StudentLife,Join the City View club and meet students with similar interests.
__label__StudentLife,Join the Debate club and meet students with similar interests.
__label__StudentLife,Take part in sports events like City View Championship.
__label__StudentLife,Take part in sports events like Film Championship.
__label__StudentLife,Explore on-campus housing options at Debate Halls.
__label__StudentLife,Access wellbeing services and support through Film.
__label__StudentLife,Student Union hosts weekly events like Mindfulness.
__label__StudentLife,Explore on-campus housing options at Film Halls.
__label__StudentLife,Take part in sports events like Mindfulness Championship.
__label__StudentLife,Explore on-campus housing options at Hackathon Halls.
__label__StudentLife,Join the Film club and meet students with similar interests.
__label__StudentLife,Access wellbeing services and support through Mindfulness.
__label__StudentLife,Take part in sports events like Hackathon Championship.
__label__StudentLife,Take part in sports events like City View Championship.
__label__StudentLife,Join the Film club and meet students with similar interests.
__label__StudentLife,Student Union hosts weekly events like City View.
__label__StudentLife,Student Union hosts weekly events like Mindfulness.
__label__StudentLife,Student Union hosts weekly events like Film.
__label__StudentLife,Explore on-campus housing options at Film Halls.
__label__StudentLife,Student Union hosts weekly events like Mindfulness.
__label__StudentLife,Access wellbeing services and support through Film.
__label__StudentLife,Take part in sports events like City View Championship.
__label__StudentLife,Join the Hackathon club and meet students with similar interests.
__label__StudentLife,Take part in sports events like Mindfulness Championship.
__label__Events,Postgraduate Open Day is scheduled for prospective students.
__label__Events,Careers Open Day is scheduled for prospective students.
__label__Events,The Engineering conference will be held on campus this year.
__label__Events,The International Students conference will be held on campus this year.
__label__Events,Attend the International Students career fair this November.
__label__Events,Attend the International Students career fair this November.
__label__Events,The Engineering conference will be held on campus this year.
__label__Events,The Undergraduate conference will be held on campus this year.
__label__Events,Don't miss our Undergraduate workshop next week.
__label__Events,Join our next Undergraduate webinar hosted by faculty.
__label__Events,Join our next Careers webinar hosted by faculty.
__label__Events,Attend the Postgraduate career fair this November.
__label__Events,Join our next International Students webinar hosted by faculty.
__label__Events,Attend the Undergraduate career fair this November.
__label__Events,The Undergraduate conference will be held on campus this year.
__label__Events,Engineering Open Day is scheduled for prospective students.
__label__Events,The Engineering conference will be held on campus this year.
__label__Events,Don't miss our Postgraduate workshop next week.
__label__Events,International Students Open Day is scheduled for prospective students.
__label__Events,Attend the Careers career fair this November.
__label__Events,Attend the Engineering career fair this November.
__label__Events,Join our next International Students webinar hosted by faculty.
__label__Events,Don't miss our Engineering workshop next week.
__label__Events,Don't miss our Engineering workshop next week.
__label__Events,The Postgraduate conference will be held on campus this year.
__label__Events,Engineering Open Day is scheduled for prospective students.
__label__Events,Postgraduate Open Day is scheduled for prospective students.
__label__Events,Careers Open Day is scheduled for prospective students.
__label__Events,Join our next International Students webinar hosted by faculty.
__label__Events,Don't miss our International Students workshop next week.
__label__Events,Join our next Engineering webinar hosted by faculty.
__label__Events,Attend the Careers career fair this November.
__label__Events,The Undergraduate conference will be held on campus this year.
__label__Events,Don't miss our International Students workshop next week.
__label__Events,Don't miss our Engineering workshop next week.
__label__Events,Attend the Undergraduate career fair this November.
__label__Events,Join our next Engineering webinar hosted by faculty.
__label__Events,Join our next Engineering webinar hosted by faculty.
__label__Events,Attend the Postgraduate career fair this November.
__label__Events,Undergraduate Open Day is scheduled for prospective students.
__label__Events,Don't miss our Undergraduate workshop next week.
__label__Events,Attend the Postgraduate career fair this November.
__label__Events,Attend the Careers career fair this November.
__label__Events,Undergraduate Open Day is scheduled for prospective students.
__label__Events,Don't miss our International Students workshop next week.
__label__Events,Attend the Engineering career fair this November.
__label__Events,Join our next Postgraduate webinar hosted by faculty.
__label__Events,Careers Open Day is scheduled for prospective students.
__label__Events,Join our next International Students webinar hosted by faculty.
__label__Events,Undergraduate Open Day is scheduled for prospective students.
__label__News,Cancer Research student group featured in national media.
__label__News,£5M Grant professor receives innovation funding.
__label__News,£5M Grant research findings published in Nature journal.
__label__News,New partnership with Professor Smith announced in press release.
__label__News,Cancer Research student group featured in national media.
__label__News,Imperial College research findings published in Nature journal.
__label__News,New partnership with AI Society announced in press release.
__label__News,Cancer Research research findings published in Nature journal.
__label__News,Professor Smith student group featured in national media.
__label__News,New partnership with Imperial College announced in press release.
__label__News,New partnership with Imperial College announced in press release.
__label__News,Professor Smith research findings published in Nature journal.
__label__News,New partnership with Imperial College announced in press release.
__label__News,New partnership with Imperial College announced in press release.
__label__News,£5M Grant professor receives innovation funding.
__label__News,New partnership with Professor Smith announced in press release.
__label__News,University wins £5M Grant award for excellence.
__label__News,Professor Smith student group featured in national media.
__label__News,University wins AI Society award for excellence.
__label__News,New partnership with Cancer Research announced in press release.
__label__News,Cancer Research research findings published in Nature journal.
__label__News,New partnership with £5M Grant announced in press release.
__label__News,Cancer Research student group featured in national media.
__label__News,Cancer Research professor receives innovation funding.
__label__News,University wins Professor Smith award for excellence.
__label__News,University wins £5M Grant award for excellence.
__label__News,Cancer Research professor receives innovation funding.
__label__News,Imperial College professor receives innovation funding.
__label__News,AI Society professor receives innovation funding.
__label__News,New partnership with Cancer Research announced in press release.
__label__News,Imperial College research findings published in Nature journal.
__label__News,Imperial College research findings published in Nature journal.
__label__News,Cancer Research research findings published in Nature journal.
__label__News,Imperial College professor receives innovation funding.
__label__News,Professor Smith research findings published in Nature journal.
__label__News,New partnership with Professor Smith announced in press release.
__label__News,£5M Grant student group featured in national media.
__label__News,Imperial College professor receives innovation funding.
__label__News,£5M Grant professor receives innovation funding.
__label__News,£5M Grant professor receives innovation funding.
__label__News,Imperial College research findings published in Nature journal.
__label__News,Imperial College student group featured in national media.
__label__News,New partnership with Cancer Research announced in press release.
__label__News,£5M Grant student group featured in national media.
__label__News,New partnership with Professor Smith announced in press release.
__label__News,Professor Smith professor receives innovation funding.
__label__News,University wins Cancer Research award for excellence.
__label__News,Cancer Research professor receives innovation funding.
__label__News,£5M Grant professor receives innovation funding.
__label__News,University wins AI Society award for excellence.
